{
    "name": "root",
    "gauges": {
        "FlappyAgent.Policy.Entropy.mean": {
            "value": 0.031045328825712204,
            "min": 0.0256953127682209,
            "max": 0.6929176449775696,
            "count": 500
        },
        "FlappyAgent.Policy.Entropy.sum": {
            "value": 63.177242279052734,
            "min": 43.942222595214844,
            "max": 1475.03271484375,
            "count": 500
        },
        "FlappyAgent.Environment.EpisodeLength.mean": {
            "value": 131.125,
            "min": 6.6937984496124034,
            "max": 195.27272727272728,
            "count": 500
        },
        "FlappyAgent.Environment.EpisodeLength.sum": {
            "value": 2098.0,
            "min": 1727.0,
            "max": 2195.0,
            "count": 500
        },
        "FlappyAgent.Step.mean": {
            "value": 999946.0,
            "min": 1977.0,
            "max": 999946.0,
            "count": 500
        },
        "FlappyAgent.Step.sum": {
            "value": 999946.0,
            "min": 1977.0,
            "max": 999946.0,
            "count": 500
        },
        "FlappyAgent.Policy.ExtrinsicValueEstimate.mean": {
            "value": 2.74798321723938,
            "min": -2.5929863452911377,
            "max": 2.9133660793304443,
            "count": 500
        },
        "FlappyAgent.Policy.ExtrinsicValueEstimate.sum": {
            "value": 43.96773147583008,
            "min": -404.4893798828125,
            "max": 46.99270248413086,
            "count": 500
        },
        "FlappyAgent.Environment.CumulativeReward.mean": {
            "value": 3.2370288372039795,
            "min": -6.865617993759782,
            "max": 7.35871510072188,
            "count": 500
        },
        "FlappyAgent.Environment.CumulativeReward.sum": {
            "value": 51.79246139526367,
            "min": -549.3474162817001,
            "max": 80.94586610794067,
            "count": 500
        },
        "FlappyAgent.Policy.ExtrinsicReward.mean": {
            "value": 3.2370288372039795,
            "min": -6.865617993759782,
            "max": 7.35871510072188,
            "count": 500
        },
        "FlappyAgent.Policy.ExtrinsicReward.sum": {
            "value": 51.79246139526367,
            "min": -549.3474162817001,
            "max": 80.94586610794067,
            "count": 500
        },
        "FlappyAgent.IsTraining.mean": {
            "value": 1.0,
            "min": 1.0,
            "max": 1.0,
            "count": 500
        },
        "FlappyAgent.IsTraining.sum": {
            "value": 1.0,
            "min": 1.0,
            "max": 1.0,
            "count": 500
        },
        "FlappyAgent.Losses.PolicyLoss.mean": {
            "value": 0.07521164402520905,
            "min": 0.060120223479061825,
            "max": 0.077743617996263,
            "count": 97
        },
        "FlappyAgent.Losses.PolicyLoss.sum": {
            "value": 0.07521164402520905,
            "min": 0.060120223479061825,
            "max": 0.077743617996263,
            "count": 97
        },
        "FlappyAgent.Losses.ValueLoss.mean": {
            "value": 0.40152949672192334,
            "min": 0.1780818289766709,
            "max": 0.9224996248881022,
            "count": 97
        },
        "FlappyAgent.Losses.ValueLoss.sum": {
            "value": 0.40152949672192334,
            "min": 0.1780818289766709,
            "max": 0.9224996248881022,
            "count": 97
        },
        "FlappyAgent.Policy.LearningRate.mean": {
            "value": 7.104997632000111e-07,
            "min": 7.104997632000111e-07,
            "max": 0.00029692500102500004,
            "count": 97
        },
        "FlappyAgent.Policy.LearningRate.sum": {
            "value": 7.104997632000111e-07,
            "min": 7.104997632000111e-07,
            "max": 0.00029692500102500004,
            "count": 97
        },
        "FlappyAgent.Policy.Epsilon.mean": {
            "value": 0.10023680000000001,
            "min": 0.10023680000000001,
            "max": 0.19897499999999996,
            "count": 97
        },
        "FlappyAgent.Policy.Epsilon.sum": {
            "value": 0.10023680000000001,
            "min": 0.10023680000000001,
            "max": 0.19897499999999996,
            "count": 97
        },
        "FlappyAgent.Policy.Beta.mean": {
            "value": 1.1160320000000019e-05,
            "min": 1.1160320000000019e-05,
            "max": 0.0004949775000000001,
            "count": 97
        },
        "FlappyAgent.Policy.Beta.sum": {
            "value": 1.1160320000000019e-05,
            "min": 1.1160320000000019e-05,
            "max": 0.0004949775000000001,
            "count": 97
        }
    },
    "metadata": {
        "timer_format_version": "0.1.0",
        "start_time_seconds": "1751457722",
        "python_version": "3.8.20 (default, Oct  3 2024, 15:24:27) \n[GCC 11.2.0]",
        "command_line_arguments": "/usr/local/envs/mlagents/bin/mlagents-learn flappy.yaml --env=/content/FlappyEnv/AIPlayFlappyBird.x86_64 --run-id=flappy-colab-02 --no-graphics --time-scale=20 --num-envs=8",
        "mlagents_version": "0.30.0",
        "mlagents_envs_version": "0.30.0",
        "communication_protocol_version": "1.5.0",
        "pytorch_version": "1.8.1+cu102",
        "numpy_version": "1.21.2",
        "end_time_seconds": "1751462647"
    },
    "total": 4924.953772563,
    "count": 1,
    "self": 2.505502248999619,
    "children": {
        "run_training.setup": {
            "total": 0.26357696900004157,
            "count": 1,
            "self": 0.26357696900004157
        },
        "TrainerController.start_learning": {
            "total": 4922.184693345,
            "count": 1,
            "self": 16.36829737901735,
            "children": {
                "TrainerController._reset_env": {
                    "total": 8.673075874000006,
                    "count": 1,
                    "self": 8.673075874000006
                },
                "TrainerController.advance": {
                    "total": 4897.074096295982,
                    "count": 195730,
                    "self": 11.889487693832962,
                    "children": {
                        "env_step": {
                            "total": 4338.941719587066,
                            "count": 195730,
                            "self": 2002.8653373792667,
                            "children": {
                                "SubprocessEnvManager._take_step": {
                                    "total": 2316.639670607828,
                                    "count": 1030105,
                                    "self": 160.2686604470041,
                                    "children": {
                                        "TorchPolicy.evaluate": {
                                            "total": 2156.371010160824,
                                            "count": 1000652,
                                            "self": 2156.371010160824
                                        }
                                    }
                                },
                                "workers": {
                                    "total": 19.436711599970636,
                                    "count": 195730,
                                    "self": 0.0,
                                    "children": {
                                        "worker_root": {
                                            "total": 39277.90534603729,
                                            "count": 1030100,
                                            "is_parallel": true,
                                            "self": 29530.28716200246,
                                            "children": {
                                                "run_training.setup": {
                                                    "total": 0.0,
                                                    "count": 0,